9.79116E+12,'9791162540466,하워드 막스 투자와 마켓 사이클의 법칙,arte,기대연,김선덕,010-8055-2859,2018-10-29,436
9.79119E+12,'9791188850327,백년 두뇌,BM황금부엉이,나한율,스튜디오 드래곤,010-3961-1701,2018-11-29,1900-08-23
9.79116E+12,'9791162540558,서른과 마흔 사이 나를 되돌아볼 시간,bookLab,낭시우,리처드 쇼튼,010-7270-5520,2019-01-10,1900-11-11
9.79116E+12,'9791162540695,머니패턴,e비즈북스,담장호,시로타 마코토,010-1391-4001,2019-03-25,1900-09-20
9.79119E+12,'9791188850518,왕이 된 남자 2,J&jj,돈송혁,,,2019-04-10,1901-01-22
9.79119E+12,'9791188850303,진정한 나로 살아갈 용기,Ritec Contents,모재원,,,2018-11-23,1900-08-15
9.79119E+12,'9791188850501,왕이 된 남자 1,whale books,배채호,,,2019-04-10,1901-03-15
9.79119E+12,'9791188850341,선생님 -  저 우울증인가요?,whale books,배채호,도모다 아케미,010-8324-2258,2018-12-20,1900-09-28
9.79116E+12,'9791162540527,관계의 품격,갈매나무,복재민,오카다 다카시,010-1222-4497,2018-12-15,1900-08-19
9.79116E+12,'9791162540671,1日 1行의 기적,갤리온,비현호,,,2019-03-20,1901-05-14
9.79119E+12,'9791188850440,오늘도 울컥하고 말았습니다,걷는나무,빈성희,,,2019-03-15,1900-09-04
9.79116E+12,'9791162540718,쓴다 쓴다 쓰는 대로 된다,걷는나무,빈성희,미하엘 하르트만,010-6673-4105,2019-03-30,1900-08-19
9.79116E+12,'9791162540732,오토노미 제2의 이동 혁명,경인엠앤비,사성준,도모다 아케미,010-8324-2258,2019-03-31,1901-06-19
9.79119E+12,'9791188850280,반려견 증상 상식 사전,구암,성성율,,,2018-11-15,1900-08-19
9.79119E+12,'9791188850549,4주 만에 완성하는 레깅스핏 스트레칭,그책,신찬영,스튜디오 드래곤,010-3961-1701,2019-04-11,1900-05-11
9.79119E+12,'9791188850266,나를 사랑하는 일에 서툰 당신에게,글담,아동은,,,2018-10-31,1900-08-27
9.79119E+12,'9791186805398,그릿 GRIT(100쇄 기념 리커버 에디션),글담,아동은,박영숙,010-8788-6192,2019-02-20,1901-02-19
9.79116E+12,'9791162540770,데스 바이 아마존,글담,아동은,모리 다쿠로,010-6676-6428,2019-04-15,1900-09-28
9.79116E+12,'9791162540619,일단 오늘 한 줄 써봅시다,길벗이지톡,양은성,,,2019-02-15,1900-09-08
9.79116E+12,'9791162540640,아주 작은 습관의 힘,나라원,옥원준,오노코로 신페이,010-2691-2323,2019-02-26,1900-12-25
9.79116E+12,'9791162540572,어떻게 팔지 답답할 때 읽는 마케팅 책,나무자전거,원성빈,,,2019-01-18,1900-10-06
9.79119E+12,'9791188850389,아이의 뇌에 상처 입히는 부모들,나비의활주로,유민국,,,2019-01-28,1900-08-27
9.79119E+12,'9791188850426,엘리트 제국의 몰락,넥스웍,은현준,,,2019-02-27,1901-01-10
9.79119E+12,'9791188850471,왕이 된 남자 포토에세이,다산북스,제민기,,,2019-04-10,1901-01-02
9.79116E+12,'9791162540480,대한민국 주식투자자를 위한 완벽한 재무제표 읽기,다산북스,제민기,후루카와 다케시,010-5403-8749,2018-10-30,1901-04-08
9.79116E+12,'9791162540503,세계미래보고서 2019,다연,지승현,,,2018-11-24,1901-01-10
9.79119E+12,'9791188850365,먹고사는 게 전부가 아닌 날도 있어서,다차원북스,진대윤,,,2018-12-25,1900-09-12
9.79119E+12,'9791188850402,잊지 않고 남겨두길 잘했어,달,진동혜,,,2019-01-29,1900-09-08
9.79116E+12,'9791162540756,새벽에 읽는 유대인 인생 특강,동양북스,춘대권,,,2019-04-10,1900-10-06
9.79116E+12,'9791162540596,뉴파워 - 새로운 권력의 탄생,동인랑,춘인규,정민지,010-1758-0839,2019-01-30,1901-03-31
,,,,,,,,
